{"version":1,"hash":{"type":"Buffer","data":"RaSEmtHFMtQOEVTZg4ERqfWSFjHq97yIRUjIEMUngwHRJXHWAg9EXvT2Vqt5hs7jKoF0GMf8AyL6N0XQ1Wu/pGhS5pc+ByPF7X18UxeSRJNhPJNWRXQn/Tf1BHap96r0OgKvEP6iH+BhUqPUir58Wqfd6Kub6425BDHY7xE6K58="},"indexValueMap":{"l7D8SNSqxoyJIliz3bYBD1NJHmOQsJc+JIFmdYdTmdc=":{"valueMac":{"type":"Buffer","data":"dBRVVBX73XbsvRADqJHzSGrOczim57ydCszLD7Vd4Go="}},"S2FoMJYd98w0bXZ0KKBfKblAgBEMHpf/QCVIwZZJr6A=":{"valueMac":{"type":"Buffer","data":"4Lji68XQsIRzbLguh+q6Rwm616DCmDbfzamJhvXoj5U="}},"E/ObxTumX8CJyzLdSjZOOQUDeznodLtzI475Bh1i5jo=":{"valueMac":{"type":"Buffer","data":"NoYMUUcYyCq8MRaG+01xiSKtX6xB+Uf1LPwfKGriciQ="}},"gMKrkxRJP5jSvXlk73ymr2xk6iHOW5W07Uqbr+VOiao=":{"valueMac":{"type":"Buffer","data":"+6detgXoy2e5v0yuEyS8ohE4YL48Tz9ykeCiNVJHgOE="}},"dBm4BzGMapBwzHxyRMiFjCcVkvoK4Uio0co8XrfH5xc=":{"valueMac":{"type":"Buffer","data":"Ft4Ckkcsy547uOis8a1gceFnVHPdB+oY4J+VufrcoEs="}},"sIPqkeZby3TzYpFZ5wCSAmeh1Fyx8BfhQrlyfiR7sRc=":{"valueMac":{"type":"Buffer","data":"vcsPoZNnpOA9j6z6PrlTlNbwPl6Wui1KL7dJXXN0p/M="}}}}