{"noiseKey":{"private":{"type":"Buffer","data":"KP+/qdpr6K56AtmjB8hNSVM59BEm8X+gMO0L9a/8IV4="},"public":{"type":"Buffer","data":"TC9t5b7VARDIIHaAUQKrM6IiTSbAET2xKvTEBmI7gRw="}},"pairingEphemeralKeyPair":{"private":{"type":"Buffer","data":"yDEJc1KWcjFF6irAHP6I6Fxgg0wvz/+2y6od/XZT/UM="},"public":{"type":"Buffer","data":"26zmdH0y0N4ZpHLRNJsvYpStl2fpVxyMMH8xCh6bhyg="}},"signedIdentityKey":{"private":{"type":"Buffer","data":"IIAiw3raMzPsspEsPHSfWYG4Qi+z4DlSvbsCLs7vvGg="},"public":{"type":"Buffer","data":"kbbRF3RkoLdfJ/lbHyw2QwtyjFjNqPVV4WhGMWdGEy0="}},"signedPreKey":{"keyPair":{"private":{"type":"Buffer","data":"+GZGPxBUN+0eUV5A6m+BhiNu8V/kkzD6dyFR0h1oLlo="},"public":{"type":"Buffer","data":"tsIJki/GwViCa9LhLv0gssOmUXOlhSUKZzdKX+t7cVo="}},"signature":{"type":"Buffer","data":"n7lkSaf33ykjcj785za+aRqWhMTE+nCwE5AKPnrYm3R0qTIfu147xDssFhLaTMANE5BdAzHCuA6sG1WFv1AmDQ=="},"keyId":1},"registrationId":125,"advSecretKey":"KF4VzfmZti95WGKL3LJ+IOuNGxwKIMLfFM8J97uPPrg=","processedHistoryMessages":[],"nextPreKeyId":31,"firstUnuploadedPreKeyId":31,"accountSyncCounter":1,"accountSettings":{"unarchiveChats":false},"registered":true,"pairingCode":"L753MRVC","me":{"id":"5521993997287:2@s.whatsapp.net","lid":"94498088570893:2@lid","name":"..."},"account":{"details":"CLWnxsAHEK7HucUGGAEgACgA","accountSignatureKey":"evYGBAVjIFrZADU9MojqYUfUR21GN3FzIsVOBKKF4VU=","accountSignature":"0jss0yvATy5Z1eJWmc/e4pmO27MAoZs/Gajsh8PKNRyv8JwosTRd+aaBG9DD4CIDOBuU+GTWz2EEs307LPXECA==","deviceSignature":"a8SEhSG0r0GAQWf2F26gjnQAb51BPT7jmM6Vbxw0GfP6fPUeR8Ppa5hclRhxv3plTkgGgxaNFSP5SxvLklA5Cw=="},"signalIdentities":[{"identifier":{"name":"5521993997287:2@s.whatsapp.net","deviceId":0},"identifierKey":{"type":"Buffer","data":"BXr2BgQFYyBa2QA1PTKI6mFH1EdtRjdxcyLFTgSiheFV"}}],"platform":"android","routingInfo":{"type":"Buffer","data":"CAgIBQ=="},"lastAccountSyncTimestamp":1756259251,"lastPropHash":"3R9Z39","myAppStateKeyId":"AAAAAG8X"}