{"_sessions":{"BX8F4Xh+wYLPYe3L9WlJLy4z4YRRZTyd+6j5GGpOh585":{"registrationId":1799031147,"currentRatchet":{"ephemeralKeyPair":{"pubKey":"Bc13li/gNwK5BbJYL3BveihVDzbf25bBdbzYBfMI4mho","privKey":"4LSGGHdJ9CURbs0R3kbTRrC0ZO+Bjea6DK4mK5EhnV8="},"lastRemoteEphemeralKey":"BaEyapRDJajrwYPYt1U2JFW9m0AiXVE9aIcUPQdtq3tK","previousCounter":0,"rootKey":"pFpmp2Zx7rdmnF9tvx5stkadm1aOZcqaktHqjokBOlk="},"indexInfo":{"baseKey":"BX8F4Xh+wYLPYe3L9WlJLy4z4YRRZTyd+6j5GGpOh585","baseKeyType":2,"closed":-1,"used":1756259251839,"created":1756259251839,"remoteIdentityKey":"BXr2BgQFYyBa2QA1PTKI6mFH1EdtRjdxcyLFTgSiheFV"},"_chains":{"BaEyapRDJajrwYPYt1U2JFW9m0AiXVE9aIcUPQdtq3tK":{"chainKey":{"counter":10,"key":"KBGC43jZJ9a3hYAdzel8HCqL+oqmEkrwWW63iHkkt+A="},"chainType":2,"messageKeys":{}},"Bc13li/gNwK5BbJYL3BveihVDzbf25bBdbzYBfMI4mho":{"chainKey":{"counter":-1,"key":"nurK7ny0iqhsp70VDFrPtsWRXxaJDI6xUMGoFg9ZO0Y="},"chainType":1,"messageKeys":{}}}}},"version":"v1"}